{"count":1,"self":93.1278016,"total":97.6875692,"children":{"AgentResetIfDone":{"count":916,"self":0.0194748,"total":0.0194748,"children":null},"AgentSendState":{"count":916,"self":0.011390599999999999,"total":0.0123961,"children":{"CollectObservations":{"count":130,"self":0.0010054999999999999,"total":0.0010054999999999999,"children":null}}},"DecideAction":{"count":916,"self":3.4340696,"total":3.8692034,"children":{"AgentInfo.ToProto":{"count":130,"self":0.017808499999999998,"total":0.43513359999999995,"children":{"RenderTexSensor.GetCompressedObservation":{"count":130,"self":0.4173251,"total":0.4173251,"children":null}}}}},"AcademyStep":{"count":916,"self":0.0036539999999999997,"total":0.0036539999999999997,"children":null},"AgentAct":{"count":916,"self":0.6540421,"total":0.6540421,"children":null}}}