{"count":1,"self":88.909855999999991,"total":94.421584299999992,"children":{"AgentResetIfDone":{"count":1016,"self":0.0110201,"total":0.0110201,"children":null},"AgentSendState":{"count":1016,"self":0.008957699999999999,"total":0.0119578,"children":{"CollectObservations":{"count":254,"self":0.0030001,"total":0.0030001,"children":null}}},"DecideAction":{"count":1016,"self":4.5147252,"total":5.2514904,"children":{"AgentInfo.ToProto":{"count":254,"self":0.0236542,"total":0.7367652,"children":{"RenderTexSensor.GetCompressedObservation":{"count":254,"self":0.71311099999999994,"total":0.71311099999999994,"children":null}}}}},"AcademyStep":{"count":1016,"self":0.0039986,"total":0.0039986,"children":null},"AgentAct":{"count":1016,"self":0.232261,"total":0.232261,"children":null}}}