{"count":1,"self":743.9651328,"total":769.98680889999991,"children":{"AgentResetIfDone":{"count":4256,"self":0.0917653,"total":0.0917653,"children":null},"AgentSendState":{"count":4256,"self":0.0677223,"total":0.0771529,"children":{"CollectObservations":{"count":608,"self":0.0094305999999999991,"total":0.0094305999999999991,"children":null}}},"DecideAction":{"count":4256,"self":18.640264,"total":21.7131986,"children":{"AgentInfo.ToProto":{"count":608,"self":0.0946167,"total":3.0729352,"children":{"RenderTexSensor.GetCompressedObservation":{"count":608,"self":2.9783184,"total":2.9783185,"children":null}}}}},"AcademyStep":{"count":4256,"self":0.038769,"total":0.038769,"children":null},"AgentAct":{"count":4256,"self":4.0987976,"total":4.0987974,"children":null}}}