{"count":1,"self":649.5273472,"total":670.3879022,"children":{"AgentResetIfDone":{"count":6111,"self":0.1176725,"total":0.1176725,"children":null},"AgentSendState":{"count":6111,"self":0.0681576,"total":0.0752481,"children":{"CollectObservations":{"count":873,"self":0.0070905,"total":0.0070905,"children":null}}},"DecideAction":{"count":6111,"self":15.1593296,"total":18.3631848,"children":{"AgentInfo.ToProto":{"count":873,"self":0.0719677,"total":3.2038545999999997,"children":{"RenderTexSensor.GetCompressedObservation":{"count":873,"self":3.1318867999999997,"total":3.1318869,"children":null}}}}},"AcademyStep":{"count":6111,"self":0.024234799999999997,"total":0.024234799999999997,"children":null},"AgentAct":{"count":6111,"self":2.2791959999999998,"total":2.2791961,"children":null}}}