{"count":1,"self":443.6928512,"total":454.7387746,"children":{"AgentResetIfDone":{"count":5360,"self":0.075782099999999991,"total":0.075782099999999991,"children":null},"AgentSendState":{"count":5360,"self":0.0421249,"total":0.0476413,"children":{"CollectObservations":{"count":765,"self":0.0055163999999999994,"total":0.0055163999999999994,"children":null}}},"DecideAction":{"count":5360,"self":8.3195224,"total":10.585041799999999,"children":{"AgentInfo.ToProto":{"count":765,"self":0.0546457,"total":2.2655191,"children":{"RenderTexSensor.GetCompressedObservation":{"count":765,"self":2.2108734,"total":2.2108734,"children":null}}}}},"AcademyStep":{"count":5360,"self":0.020025599999999998,"total":0.020025599999999998,"children":null},"AgentAct":{"count":5360,"self":0.31641199999999997,"total":0.31641199999999997,"children":null}}}