{"count":1,"self":49.1812672,"total":52.484049999999996,"children":{"AgentResetIfDone":{"count":505,"self":0.0065566,"total":0.0065566,"children":null},"AgentSendState":{"count":505,"self":0.0062147999999999995,"total":0.0062147999999999995,"children":{"CollectObservations":{"count":72,"self":0,"total":0,"children":null}}},"DecideAction":{"count":505,"self":2.9600687999999997,"total":3.1980242,"children":{"AgentInfo.ToProto":{"count":72,"self":0.0168208,"total":0.23795529999999998,"children":{"RenderTexSensor.GetCompressedObservation":{"count":72,"self":0.22113449999999998,"total":0.22113449999999998,"children":null}}}}},"AcademyStep":{"count":505,"self":0.0029912999999999997,"total":0.0029912999999999997,"children":null},"AgentAct":{"count":505,"self":0.0889971,"total":0.0889971,"children":null}}}