{"count":1,"self":32.5202144,"total":36.3482623,"children":{"AgentResetIfDone":{"count":752,"self":0.0056048,"total":0.0056048,"children":null},"AgentSendState":{"count":752,"self":0.00358,"total":0.0046441999999999994,"children":{"CollectObservations":{"count":107,"self":0.0010642,"total":0.0010642,"children":null}}},"DecideAction":{"count":752,"self":3.0726451999999997,"total":3.4300740999999997,"children":{"AgentInfo.ToProto":{"count":107,"self":0.0124785,"total":0.3574288,"children":{"RenderTexSensor.GetCompressedObservation":{"count":107,"self":0.3449503,"total":0.3449503,"children":null}}}}},"AcademyStep":{"count":752,"self":0.0074069999999999995,"total":0.0074069999999999995,"children":null},"AgentAct":{"count":752,"self":0.38031909999999997,"total":0.38031909999999997,"children":null}}}